넥스트에디션 신촌점,서울특별시 서대문구 창천동 2-7 B1,-,-,https://www.nextedition.co.kr/shops/NextEdition%20Sinchon
넥스트에디션 건대점,서울특별시 광진구 자양동 17-5 B1,-,-,https://www.nextedition.co.kr/shops/NextEdition%20Gundae
넥스트에디션 부천점,경기도 부천시 원미구 심곡동 175-9 6층,-,-,https://www.nextedition.co.kr/shops/NextEdition%20Bucheon
넥스트에디션 부평점,인천광역시 부평구 부평문화로80번길 16 5층,-,-,https://www.nextedition.co.kr/shops/NextEdition%20Bupyung
넥스트에디션 강남점,서울특별시 서초구 강남대로79길 59 B3F,-,-,https://www.nextedition.co.kr/shops/NextEdition%20Gangnam
넥스트에디션 건대2호점,"서울특별시 광진구 아차산로192 별관 2,3층",-,-,https://www.nextedition.co.kr/shops/NextEdition%20Gundae2
넥스트에디션 강남2호점,"서울특별시 강남구 역삼1동 817-18 3, 4F",-,-,https://www.nextedition.co.kr/shops/Nextedition%20Gangnam2
넥스트에디션 분당서현점,경기도 성남시 분당구 서현동 249-4,-,-,https://www.nextedition.co.kr/shops/Nextedition%20Bundangseohyun
넥스트에디션 강남3호점,서울특별시 서초구 강남대로65길 7 피렌체빌딩 5층,-,-,https://www.nextedition.co.kr/shops/Nextedition%20Gangnam3
넥스트에디션 신림점,"서울특별시 관악구 남부순환로 1598, 지하1층",-,-,https://www.nextedition.co.kr/shops/Nextedition%20Sinlim
넥스트에디션 강남5호점,서울특별시 강남구 강남대로94길 11 지하1층,-,-,https://www.nextedition.co.kr/shops/Nextedition%20gangnam5
넥스트에디션 잠실점,"서울특별시 송파구 올림픽로 118, 지하1층",-,-,https://www.nextedition.co.kr/shops/Nextedition%20Jamsil
넥스트에디션 건대 보네르관,"서울특별시 광진구 화양동 9-19 , 지하1층",-,-,https://www.nextedition.co.kr/shops/Nextedition%20Gundae%20Bonheur
넥스트에디션 강남신논현점,서울특별시 서초구 사평대로56길 14 지하 1층,-,-,https://www.nextedition.co.kr/shops/Nextedition%20Gundae%20Bonheur
더코드 신림점,-,-,-,http://thecode09.kr/common/images/title/ci.png
도어이스케이프 안산점 , 경기도 안산시 단원구 고잔동 540-14번지(고잔2길 65) 경신프라자 2층,-,-,http://doorescape.co.kr/images/common/logo.png
도어이스케이프 블루신논현점 ,"서울특별시 서초구 사평대로 53길 8-1 , B1층 (반포동, 제이제이739 빌딩)",-,-,http://blue.doorescape.co.kr/images/common/logo.png
도어이스케이프 레드신논현점 ,"서울특별시 서초구 사평대로 360 , B1층",-,-,http://blue.doorescape.co.kr/images/common/logo.png
도어이스케이프 이수역점 ,"서울특별시 동작구 동작대로 27가길 14, 3층 (이수역 13번출구)",-,-,http://isu.doorescape.co.kr/images/common/logo.png
도어이스케이프 강남가든점,"서울특별시 서초구 사평대로56길 10, B1층(서초동)",-,-,http://garden.doorescape.co.kr/images/common/logo.png
도어이스케이프 홍대점 ,서울시 마포구 서교동 403-1,-,-,http://hongdae.doorescape.co.kr/images/common/logo.png
룸즈에이 강남점,서울 강남구 테헤란로 4길 35 지하2층,-,-,http://roomsa.co.kr/new_images/common/new_logo.png
룸즈에이 대학로점,서울 종로구 대학로10길 15-15 해안빌딩 지하 1층,-,-,http://roomsa.co.kr/new_images/common/new_logo.png
룸즈에이 안양범계점,경기 안양시 동안구 평촌대로227번길 48 승진빌딩 5층,-,-,http://roomsa.co.kr/new_images/common/new_logo.png
룸즈에이 일산 웨스턴돔점,경기도 고양시 일산동구 장항동 847 웅신아트프라자 3층,-,-,http://roomsa.co.kr/new_images/common/new_logo.png
룸즈에이 일산 라페스타점,경기도 고양시 일산동구 무궁화로 19-14 2층,-,-,http://roomsa.co.kr/new_images/common/new_logo.png
룸즈에이 의정부점,"경기도 의정부시 시민로 121번길 52, 4층(의정부동)",-,-,http://roomsa.co.kr/new_images/common/new_logo.png
룸즈에이 수원역점,"경기도 수원시 팔달구 향교로 5, 3층",-,-,http://roomsa.co.kr/new_images/common/new_logo.png
룸즈에이 수원역2호점,경기도 수원시 팔달구 향교로 20-1 3층,-,-,http://roomsa.co.kr/new_images/common/new_logo.png
룸즈에이 대전둔산점,"대전광역시 서구 대덕대로 185번길 22, 7층(둔산동)",-,-,http://roomsa.co.kr/new_images/common/new_logo.png
룸즈에이 대전은행점,"대전광역시 중구 중앙로164번길 28, 4층",-,-,http://roomsa.co.kr/new_images/common/new_logo.png
룸즈에이 부산남포점,부산광역시 중구 광복로 36 3층,-,-,http://roomsa.co.kr/new_images/common/new_logo.png
룸즈에이 부산서면점,"부산광역시 부산진구 중앙대로680번가길 9, 3층",-,-,http://roomsa.co.kr/new_images/common/new_logo.png
룸즈에이 광주수완점,광주광역시 광산구 장신로 147번길 5-12 5층(수완동),-,-,http://roomsa.co.kr/new_images/common/new_logo.png
룸즈에이 광주상무점,광주광역시 서구 상무번영로 37 6층,-,-,http://roomsa.co.kr/new_images/common/new_logo.png
룸즈에이 대구동성로점,대구광역시 중구 동성로6길 16 4층(공평동),-,-,http://roomsa.co.kr/new_images/common/new_logo.png
룸즈에이 동성로2호점,대구광역시 중구 동성로2길 50-18(삼덕동1가) 4층,-,-,http://roomsa.co.kr/new_images/common/new_logo.png
룸즈에이 동성로아카데미점,대구광역시 중구 중앙대로 412-21 3층,-,-,http://roomsa.co.kr/new_images/common/new_logo.png
룸즈에이 포항점,경북 포항시 북구 중앙로 273 스타타워 5층,-,-,http://roomsa.co.kr/new_images/common/new_logo.png
비밀화원다운타운 홍대,"서울 마포구 양화로 156 (동교동, LG팰리스빌딩) 지하 2층",-,-,http://secretgardenescape.com/img/main_logo.png
비밀화원서면점,부산 부산진구 중앙대로 700 (부전동) 지하1층,-,-,http://secretgardenescape.com/img/main_logo.png
비밀화원혜화점,"서울 종로구 대학로 130 (동숭동, 맥도널드) 지하 1층",-,-,http://secretgardenescape.com/img/main_logo.png
비밀화원건대점,서울 광진구 아차산로 235 (화양동) 3층,-,-,http://secretgardenescape.com/img/main_logo.png
비밀화원동성로점, 대구 중구 동성로5길 55 (삼덕동1가) 4층,-,-,http://secretgardenescape.com/img/main_logo.png
비밀화원미드나잇 합정, 대구 중구 동성로5길 55 (삼덕동1가) 4층,-,-,http://secretgardenescape.com/img/main_logo.png
비밀화원포레스트 건대,서울 마포구 독막로7길 27 (서교동) 3층,-,-,http://secretgardenescape.com/img/main_logo.png
비밀화원리버타운 강남,서울 광진구 화양동 8-8 2층,-,-,http://secretgardenescape.com/img/main_logo.png
비밀화원광주점,"서울 강남구 강남대로96길 20 (역삼동, 혜진빌딩) 지하1층",-,-,http://secretgardenescape.com/img/main_logo.png
비밀화원시네마틱 혜화,"서울 강남구 강남대로96길 20 (역삼동, 혜진빌딩) 지하1층",-,-,http://secretgardenescape.com/img/main_logo.png
비밀화원전주점,전북 전주시 완산구 문화광장로 2 (고사동) 지하층,-,-,http://secretgardenescape.com/img/main_logo.png
셜록홈즈 강남2호점,서울특별시 서초구 서초대로77길 43 경원빌딩 4층,http://sherlock-holmes.co.kr/branch/view.php?bno=58&s_sido=&s_no=,02.533.7073,http://sherlock-holmes.co.kr/attach/branch/15385583191.png
셜록홈즈 구리점,경기도 구리시 경춘로 218-5 3층 셜록홈즈 구리점,http://sherlock-holmes.co.kr/branch/view.php?bno=41&s_sido=&s_no=,031.551.9993,http://sherlock-holmes.co.kr/attach/branch/14876625431.png
셜록홈즈 구월인천점,"인천광역시 남동구 성말로 10 (구월동 1463) 효명프라자 5층, 셜록홈즈 구월인천점",http://sherlock-holmes.co.kr/branch/view.php?bno=13&s_sido=&s_no=,032.437.4567,http://sherlock-holmes.co.kr/attach/branch/14861077311.png
셜록홈즈 노량진점,"서울특별시 동작구 노량진동 118-8, 지하1층 셜록홈즈 노량진점",http://sherlock-holmes.co.kr/branch/view.php?bno=57&s_sido=&s_no=,02.827.0054,http://sherlock-holmes.co.kr/attach/branch/15329319501.png
셜록홈즈 노원점,서울특별시 노원구 노해로81길 12-20 민진빌딩 5층,http://sherlock-holmes.co.kr/branch/view.php?bno=48&s_sido=&s_no=,02.951.0522,http://sherlock-holmes.co.kr/attach/branch/15089236531.png
셜록홈즈 뉴안양점,경기도 안양시 만안구 안양로304번길 25 (안양동) 3층 셜록홈즈 뉴안양점,http://sherlock-holmes.co.kr/branch/view.php?bno=81&s_sido=&s_no=,031.465.3663,http://sherlock-holmes.co.kr/attach/branch/15967826121.png
셜록홈즈 대구동성로점,대구광역시 중구 동성로5길 45. 3층 셜록홈즈 대구동성로점,http://sherlock-holmes.co.kr/branch/view.php?bno=84&s_sido=&s_no=,053.253.2225,http://sherlock-holmes.co.kr/attach/branch/16110273761.png
셜록홈즈 대전 신세계백화점,대전광역시 유성구 엑스포로 1 대전 신세계 Art&Science 7층,http://sherlock-holmes.co.kr/branch/view.php?bno=85&s_sido=&s_no=,042.607.8708,http://sherlock-holmes.co.kr/attach/branch/16293550391.png
셜록홈즈 대학로점,서울특별시 종로구 대학로 10길 5 4층(동숭동),http://sherlock-holmes.co.kr/branch/view.php?bno=51&s_sido=&s_no=,02.2277.0198,http://sherlock-holmes.co.kr/attach/branch/15131325491.png
셜록홈즈 동탄점,"경기도 화성시 동탄중심상가2길 5, 리더스 프라자 3층 셜록홈즈 동탄점",http://sherlock-holmes.co.kr/branch/view.php?bno=79&s_sido=&s_no=,031.613.3010,http://sherlock-holmes.co.kr/attach/branch/15807011401.png
셜록홈즈 부천점,"경기도 부천시 부일로 460번길 5, 3층 (심곡동)",http://sherlock-holmes.co.kr/branch/view.php?bno=64&s_sido=&s_no=,032.665.2019,http://sherlock-holmes.co.kr/attach/branch/15500512071.png
셜록홈즈 부평점,"인천광역시 부평구 부평문화로77, 3층(부평동)",http://sherlock-holmes.co.kr/branch/view.php?bno=45&s_sido=&s_no=,032.503.8098,http://sherlock-holmes.co.kr/attach/branch/14992188341.png
셜록홈즈 분당야탑점,"경기도 성남시 분당구 양현로 310번길 25, 2층 202호 셜록홈즈 야탑점",http://sherlock-holmes.co.kr/branch/view.php?bno=62&s_sido=&s_no=,031.706.3600,http://sherlock-holmes.co.kr/attach/branch/15452730411.png
셜록홈즈 성신여대점,서울 성북구 동선동1가 87 4층 셜록홈즈,http://sherlock-holmes.co.kr/branch/view.php?bno=54&s_sido=&s_no=,02.929.8870,http://sherlock-holmes.co.kr/attach/branch/15232374611.png
셜록홈즈 신림2호점,"서울특별시 관악구 신림로 327, 지하1층(신림동) 셜록홈즈 신림2호점 3번출구 도보20초",http://sherlock-holmes.co.kr/branch/view.php?bno=77&s_sido=&s_no=,02.889.6558,http://sherlock-holmes.co.kr/attach/branch/15737112781.png
셜록홈즈 아산점,"충청남도 아산시 번영로 220, 3층",http://sherlock-holmes.co.kr/branch/view.php?bno=86&s_sido=&s_no=,041.546.7799,http://sherlock-holmes.co.kr/attach/branch/16546711471.png
셜록홈즈 여수점,전라남도 여수시 시청동3길 35-18(학동) 대형빌딩 2층,http://sherlock-holmes.co.kr/branch/view.php?bno=44&s_sido=&s_no=,061.685.7105,http://sherlock-holmes.co.kr/attach/branch/14955966151.png
셜록홈즈 의정부점,"경기 의정부시 행복로 16 삼성빌딩 4층, 셜록홈즈 의정부점",http://sherlock-holmes.co.kr/branch/view.php?bno=61&s_sido=&s_no=,031.821.8977,http://sherlock-holmes.co.kr/attach/branch/15439121371.png
셜록홈즈 잠실1호점,"서울특별시 송파구 백제고분로 7길 19 3,4층(잠실동)",http://sherlock-holmes.co.kr/branch/view.php?bno=35&s_sido=&s_no=,02.422.0053,http://sherlock-holmes.co.kr/attach/branch/14861095491.png
셜록홈즈 잠실2호점,서울특별시 송파구 백제고분로 7길 31(잠실동 182-5) 4층 셜록홈즈 잠실2호점,http://sherlock-holmes.co.kr/branch/view.php?bno=67&s_sido=&s_no=,02.418.0153,http://sherlock-holmes.co.kr/attach/branch/15598924871.png
셜록홈즈 종각점,서울특별시 종로구 삼일대로17길 17(관철동 12-23) 4층 셜록홈즈 종각점,http://sherlock-holmes.co.kr/branch/view.php?bno=69&s_sido=&s_no=,02.725.0522,http://sherlock-holmes.co.kr/attach/branch/15604821971.png
셜록홈즈 천안1호점,충청남도 천안시 동남구 신부동 461-10 3층 아리따움 옆 건물 3F,http://sherlock-holmes.co.kr/branch/view.php?bno=14&s_sido=&s_no=,041.553.5677,http://sherlock-holmes.co.kr/attach/branch/14861085521.png
셜록홈즈 천안2호점,천안시 동남구 신부동 461-9 4층 와이틴건물 4층,http://sherlock-holmes.co.kr/branch/view.php?bno=74&s_sido=&s_no=,041.554.5677,http://sherlock-holmes.co.kr/attach/branch/15677049341.png
셜록홈즈 청주점,"충북 청주시 상당구 상당로 81번길 58, 3층",http://sherlock-holmes.co.kr/branch/view.php?bno=70&s_sido=&s_no=,043.222.6750,http://sherlock-holmes.co.kr/attach/branch/15635276691.png
셜록홈즈 평택점,"경기도 평택시 평택2로 10번길 10-4, 2층(평택동)",http://sherlock-holmes.co.kr/branch/view.php?bno=80&s_sido=&s_no=,031.651.7785,http://sherlock-holmes.co.kr/attach/branch/15900586511.png
셜록홈즈 홍대점,"서울 마포구 와우산로27길 35, 제너럴빌딩 301호 셜록홈즈 홍대점",http://sherlock-holmes.co.kr/branch/view.php?bno=83&s_sido=&s_no=,02.335.3360,http://sherlock-holmes.co.kr/attach/branch/16009328151.png
포비아 Phobia 명동,서울시 중구 명동2가 3-7번지 4층,-,-,https://www.xphobia.net/images/icon/logo_big.png
포비아 Phobia 동성로,"대구광역시 중구 동성로6길, 33, 3층",-,-,https://www.xphobia.net/images/icon/logo_big.png
포비아 강남 던전,"서울 강남구 강남대로84길 33 (역삼동, 대우디오빌플러스) 지하1층",-,-,https://www.xphobia.net/images/icon/logo_big.png
포비아 미션 브레이크 CGV,,-,-,https://www.xphobia.net/images/icon/logo_big.png
포비아 던전101,서울 마포구 와우산로 74 (서교동) 2층,-,-,https://www.xphobia.net/images/icon/logo_big.png
포비아 서면 던전,부산광역시 부산진구 동천로66 5층,-,-,https://www.xphobia.net/images/icon/logo_big.png
포비아 Phobia 신림,서울 관악구 신림로59길 9 (신림동) 4층,-,-,https://www.xphobia.net/images/icon/logo_big.png
포비아 홍대 던전,서울 마포구 독막로3길 30 (서교동) 지하2층,-,-,https://www.xphobia.net/images/icon/logo_big.png
포비아 Phobia 대학로,서울시 종로구 동숭동 1-113번지 5층,-,-,https://www.xphobia.net/images/icon/logo_big.png
포비아 강남 던전Ⅱ,"서울 강남구 테헤란로 4길 32 (역삼동, 우정에쉐르1) 지하1층",-,-,https://www.xphobia.net/images/icon/logo_big.png
