테마이름,테마소개,장르,소속지점,이미지경로
[프리미엄]귀로여관 (70분),누군가를 죽인 경험이 있습니까? 그 경험을 나누고 싶습니다. 귀로 여관에서 기다리겠습니다.,공포,셜록홈즈 아산점,http://sherlock-holmes.co.kr/attach/theme/16564009571.jpg
악마를 보았다,"낯선 창고, 익숙하지 않은 공기 사이로 미세하게 위험한 냄새가 풍겨나왔다... 여기서 무슨 일이 벌어지고 있는 걸까?",스릴러,셜록홈즈 아산점,http://sherlock-holmes.co.kr/attach/theme/16564009381.jpg
노룸,들어오지 마세요. 하지만 들어오지 말라고 하는 순간 궁금해서 더 들어가고 싶어지는 법!,퍼즐,셜록홈즈 아산점,http://sherlock-holmes.co.kr/attach/theme/16564009261.jpg
말못해,말못해 앞으로 당신에게 어떤 반전이 있을지는...marmotte,-,셜록홈즈 아산점,http://sherlock-holmes.co.kr/attach/theme/16564009081.jpg
강남이세계,12월 이세계 리마스터버전이 오픈됩니다.,-,셜록홈즈 강남 2호점,http://sherlock-holmes.co.kr/attach/theme/16379326781.jpg
아이러브카페,지금 신선한 장치와 뜨거운 문제로 커피를 내리는 중입니다.,-,셜록홈즈 강남 2호점,http://sherlock-holmes.co.kr/attach/theme/16367713911.jpg
피플인사이드 (40분),주어진시간 40분 남녀노소 국적 상관없이 모두가 즐겁게 즐길 수 있는 아케이드형 방탈출 피플인사이드. 각자 방에갇혀 서로협동을 통해 탈출해야 합니다.,협동,셜록홈즈 대전 신세계,http://sherlock-holmes.co.kr/attach/theme/16318581131.jpg
무한의 던전 (20분),주어진 시간은 20분. 탈출구를 찾아 탈출하는것이 목표입니다.,탈출,셜록홈즈 대전 신세계,http://sherlock-holmes.co.kr/attach/theme/16312475121.jpg
언더월드,스팀펑크시대의 개구쟁이천재소녀발명가 조이! 갖가지 발명품들을 만들며 지내고있다 오늘도의뢰받은물건을 배달해보실까!,판타지,셜록홈즈 대전 신세계점,http://sherlock-holmes.co.kr/attach/theme/16297797541.jpg
대마법사 오셀로,"[스승님, 마법사가 되고 싶습니다. 제자로 받아주십시오.] 봉인의 탑에서 어언 24년... 그렇게 마흔넷이 되었다.",-,셜록홈즈 -,http://sherlock-holmes.co.kr/attach/theme/16178550361.jpg
[웹툰원작] 타인은 지옥이다,"인간은 사실 공존할수 없는 동물일수도 있어, 서로 필요때문에 어쩔수없이 사는거야. 여기다 쓰는말인지 모르겠는데 ‘타인은 지옥이다’라는 말이 있잖아요..?",스릴러,셜록홈즈 강남2호점,http://sherlock-holmes.co.kr/attach/theme/15678248911.jpg
웨딩크루즈 살인사건-2탄,"거대 부호 김만술과 그의 아내 미치코는 결혼생활 10주년을 기념하기 위해 호화 크루즈 여행을 떠나게 되었다, 로맨틱한 웨딩 크루즈 여행을 꿈꿨것만.. 크루즈 안에서 김만술은 시체로 발견된다. 용의자는 김만술씨의 아내 미치코를 포함한 탑승객 4명! 크루즈 여행으로 휴가길에 올랐던 명탐정 셜록홈즈는 여행길에서 다시 살인사건을 맡게 되는데..?!",추리,셜록홈즈 안양점외,http://sherlock-holmes.co.kr/attach/theme/15928171051.jpg
중고로운 평화나라,다가오는 여자친구와의 기념일. 여자친구에게 명품백을 선물해주고 싶지만 너무 높은 가격에 좌절하게 되는 한남자.. 결국 그가 찾게 된 것은 중고거래 사이트에서 발견한 감쪽같은 명품가방! 이 이야기의 끝은 어떻게 될 것인지!,"코미디,스릴러","셜록홈즈 안양, 노량진점",http://sherlock-holmes.co.kr/attach/theme/15921906361.jpg
반하셨군요?,방탈출 카페에서 알바 하는 같은 과 여사친(?) 미정이가 은밀하게 나에게 말했다. <오늘 저녁에 나 알바 하는데 올래?>,-,셜록홈즈 노량진점,http://sherlock-holmes.co.kr/attach/theme/15911791411.jpg
[19금]찰리와 늠름한(?) 바나나 공장,인류는 어느때보다 심각한 위기에 직면하게 된다. 저조한 출산율! 원인은 점점더 작아지고(?) 씨없는 수박이 되어가는(?!) 남성들때문... 각국에서는 크고 엄청난 자를 선별해 고개숙인 남성들을 일으켜세울 프로 젝트를 진행하게 되는데... [만 19세 미만은 체험이 제한됩니다.],-,셜록홈즈 -,http://sherlock-holmes.co.kr/attach/theme/15911744141.jpg
황금 감옥 : 와캄,지금까지 봐왔던 감옥들과는 사뭇 다른 분위기의 낯선 감옥. 그 안에서 펼쳐진 끝을 알 수 없는 새로운 이야기. 이전까지 경험할 수 없었던 색다른 테마가 당신을 기다립니다.,-,셜록홈즈 -,http://sherlock-holmes.co.kr/attach/theme/15879559821.jpg
지프리트의 심장,"[플리퍼 시티 에피소드 01] 잊혀진 이야기 속에 전해지는 순수 에너지의 결정체 ""지프리트의 심장""을 찾기 위해 플리퍼 시티를 헤매던 일행. 마을 외곽의 한 골동품 점에서 가고자 하는 곳의 좌표를 알려준다는 검은 주사위를 얻는다. 검은 주사위가 만들어 준 좌표를 통해 도착한 곳은 알 수 없는 낡은 기관실. 그곳의 수수께끼를 풀고 지프리트의 심장을 찾아낼 수 있을까",판타지,셜록홈즈 노원,http://sherlock-holmes.co.kr/attach/theme/15847493791.jpg
거짓말,"한적한 오후, 맑은 공기를 마시며 여유롭게 공원에 산책을 나온 당신. 곳곳엔 데이트 하는 연인들, 반려동물과 산책하는 사람들. 이 곳에 혼자 있는 건 당신뿐이었지만 이내 곧 벤치에 앉아 있는 그녀를 만날 수 있었다.",감성테마,셜록홈즈 #동탄점,http://sherlock-holmes.co.kr/attach/theme/15813901681.jpg
귀신이 산다,커뮤니티 사이트에서 귀신구경이라는 제목의 글을 본 당신. 귀신을 믿진 않지만 호기심이 들어 친구들과 함께 문제의 집을 방문하게 되는데..,공포체험,셜록홈즈 동탄점,http://sherlock-holmes.co.kr/attach/theme/15813900701.jpg
던전:비밀의문,길을 걷다 우연히 발견한 빨간 우체통의 편지 한통... 편지에 이끌려 마을에 도착하게 된 당신!! 드디어 비밀의 문을 열게 되는데....,판타지,셜록홈즈 천안2호점,http://sherlock-holmes.co.kr/attach/theme/15795893531.jpg
꽃길,"꿈만 같던 나의 결혼식이 코앞으로 다가왔다. 난 평생 혼자 살다가 대마법사가 될 줄 알았는데...ㅇㅅㅇ;; 맨날 친구들 결혼식에서 또 다른 친구의 청첩장을 받아오고 명절마다 ""넌 언제 시집가니?"" 잔소리 듣는것도 이젠 끝이다!!! 나에게도 이런 날이 오다니 ㅠㅠ 너무 감격스럽다!!! 그런데 결혼 준비하다가 싸우고 헤어지는 사람이 있다고 할 정도로 준비할 것이 엄청나다던데 ㅠㅠ ... 상견례, 웨딩홀 예약, 스드메 계약, 예물, 웨딩 촬영, 나... 잘 할 수 있을까?? 까짓거 남들 다 하는 결혼, 나도 멋지게 보란듯이 해보자!!!",-,셜록홈즈 대전둔산점,http://sherlock-holmes.co.kr/attach/theme/15792325931.jpg
[50분]문제방 매운맛,방탈출 최소 50회 이상의 숙련자에게만 추천합니다!,기타,셜록홈즈 홍대,http://sherlock-holmes.co.kr/attach/theme/15772475991.jpg
인생은 실전이다 종만아,"게임을 좋아하는 종만이는 오늘도 게임만 한다.""이세상 모든게 게임이었으면 좋겠다""",스릴러,셜록홈즈 천안2호,http://sherlock-holmes.co.kr/attach/theme/15732231951.jpg
[프리미엄 테마]미즈몰리아와 수수께끼의 책,무슨 책을 찾고있니 꼬마야.유쾌한책 유익한책. 감동적이거나 슬픈책. 그게 아니면 ...수수께끼의 책을 찾고있니?,판타지,셜록홈즈 천안2호,http://sherlock-holmes.co.kr/attach/theme/15677634951.jpg
TIED,국민톱스타 방수지양을 무려 20년간 스토킹해온 범인이 마침내 경찰에 붙잡혔다. 극악무도한 범인에게 사형을 요구한다는 국민청원이 20만명을 넘었으며 이에 국회는 방수지특별법을 발의했다.,드라마,셜록홈즈 천안2호,http://sherlock-holmes.co.kr/attach/theme/15672395511.jpg
기억을 걷는 시간,"어느날 갑자기 이별을 고하고 떠난 여친.왜 인지 그 이유는 알수 없고, 그런 그에게 전해지는 추억을 판매하는 카페 , 기억을 걷는 시간. 그 곳을 찾아가는데... (야외 방탈출로 진행됩니다)",감성,셜록홈즈 강남1호,http://sherlock-holmes.co.kr/attach/theme/15669793151.png
죽음의 신,오늘의 마지막 손님을 모시러 갑니다,,셜록홈즈 ,http://sherlock-holmes.co.kr/attach/theme/15669500731.jpg
파란지붕집,설녹읍 설녹2리 14-3 산 아래 파란지붕집에 어서오세요.,호러,셜록홈즈 구월,http://sherlock-holmes.co.kr/attach/theme/15668747371.jpg
던전을 부탁해,비인기 온라인게임 세헤라자드의 랭킹 1위인 당신. 그리고 오늘은 세헤라자드의 섭종전 마지막날이다.,판타지,셜록홈즈 구월,http://sherlock-holmes.co.kr/attach/theme/15668746691.jpg
좀비여친,바이러스 변이를 연구하는 내여친 어느날 나를 은밀하게 초대하는데?,판타지,셜록홈즈 구월,http://sherlock-holmes.co.kr/attach/theme/15667250921.jpg
사라민,모일사 나팔라 백성민 본격 조선시대 구인구직소 사라민,역사,셜록홈즈 구월,http://sherlock-holmes.co.kr/attach/theme/15667225401.jpg
퓨처리스트,"정해진 미래를 바꿀 수는 없습니다. 나는 단지 그 미래를 그릴 뿐입니다. 2008년 중국, 미래를 그리는 한 화가가 있었다.",드라마,셜록홈즈 잠실2호,http://sherlock-holmes.co.kr/attach/theme/15661930271.jpg
꿈꾸는 자동차 B팀(1980년대)(플레이 타임 40분),"5살 대현이는 항상 새벽에 출근해서 밤늦게 들어오는 아빠가 너무 보고 싶어요. 이제는 아빠 얼굴도 잘 기억나지 않는 것 같아요 아빠는 언제 올까요? 오늘은 대현이의 생일인데 말이에요. 아빠가 대현이가 요즘 푹 빠져있는 자동차 장난감을 선물해 주기로 했단 말이에요 엄마는 빨리 자라고 했지만, 이불 속에서 몰래 나와 아빠를 기다릴 거에요! 엄마 몰래 방에서 나와 아빠를 만날 수 있을까요?",판타지,셜록홈즈 전주한옥마을,http://sherlock-holmes.co.kr/attach/theme/15655916651.jpg
꿈꾸는 자동차 A팀(2019현대)(플레이 시간 40분),"항상 바쁜 아빠의 뒷모습만 보고 자라온 김대현씨는 어느덧 무럭무럭 자라 돌아가신 아버지의 뒤를 이어 한국자동차에 입사했어요 그러던 어느날 아버지의 유품에서 수상한 설계도를 발견했어요 항상 바빴던 아버지, 그런 아버지와의 추억이 없는 대현씨는 유일하게 남아있는 아버지와의 연결고리인 이 설계도에 끌려 이 것을 통해 아버지의 발자취를 찾으러 지금 바로 연구실로 발걸음을 옮깁니다.",판타지,셜록홈즈 전주한옥마을,http://sherlock-holmes.co.kr/attach/theme/15655912711.jpg
마주보다,"발걸음을 떼기 힘들만큼 숨이 조여오던 힘든 날. 나, 파이터 허재현이 널 마주봤어. 내 마음의 노래를 듣고 너도 나를 마주봐줘.",힐링,셜록홈즈 연신내 외,http://sherlock-holmes.co.kr/attach/theme/15653605501.jpg
세번째밤,압박감. 긴장감. 계속해서 반복되는 악몽에 나는 매일 밤 잠을 이루지 못한다. 그리고 오늘 꿈에 새로운 메세지가 나타나는데...,스릴러,셜록홈즈 신촌,http://sherlock-holmes.co.kr/attach/theme/15512484261.jpg
나랏말싸미,"아주 먼 옛날, 하루 벌어 하루 먹고 살기도 바쁜 나무꾼 송 가. 어느 때와 다름없이 평화로운 날을 보내던 송가는 문서를 하나 발견하고... 그런데 이걸 어떻게 읽더라?",-,셜록홈즈 -,http://sherlock-holmes.co.kr/attach/theme/16103439101.jpg
이 아이를 기억해주세요,영원할 줄로만 알았던 순간들이 예고도 없이 사라지게 되었다. 그렇게 나의 숨바꼭질은 시작되었다.,-,셜록홈즈 -,http://sherlock-holmes.co.kr/attach/theme/16103438271.jpg
숙제,"이 정도 쯤이야, 별거 아니었는...데?",,셜록홈즈 ,http://sherlock-holmes.co.kr/attach/theme/15632650501.jpg
단잠,"몸도 마음도 지친 퇴근길, 지하철역에서 마주한 낯선 포스터 하나. 지친 당신에게 위로가 될 피아노 콘서트 : 단잠. 지금 시작합니다.",감성,셜록홈즈 잠실2호,http://sherlock-holmes.co.kr/attach/theme/15614261891.jpg
랑슈 뷰티연구소,당신의 아름다움을 찾아드립니다.,드라마,셜록홈즈 잠실2호,http://sherlock-holmes.co.kr/attach/theme/15610958651.jpg
기묘한 방탈출,넷플릭스 인기 시리즈 <기묘한이야기> 시즌3의 7월 4일 공개를 기념하여 <기묘한 이야기> 팝업존 ‘기묘한 세계’로 여러분을 초대합니다.,판타지,셜록홈즈 홍대팝업스토어,http://sherlock-holmes.co.kr/attach/theme/15598933441.png
170cm즈음에,이 이야기가 감히 당신의 반면교사가 되었으면 좋겠습니다.,,셜록홈즈 ,http://sherlock-holmes.co.kr/attach/theme/15512484911.jpg
마에스트로,서대문 경찰서의 신참인 당신은 선배의 월차로 인해서 선배가 맡았던 사건인 신촌역에서 소란을 피우는 노인을 대신 조사하게 된다. 10년이 넘게 신촌 만남의 장소에서 기타 치는 노인은 이번이 처음 온 게 아닌 수 차례 소란을 피웠다는 사실을 알게 되고 이 노인을 조사하게 되는데…,,셜록홈즈 ,http://sherlock-holmes.co.kr/attach/theme/15502139311.jpg
[NEW]나쁜놈 나쁜놈 나쁜놈,엘파소 최대 갱단 보스 플로이드가 보안관들에게 잡혀 교수형에 처하게됬다. 방금 임무를 마치고 돌아온 조직원 브라이언은 뜻밖의 소식에 교수형 현장으로 달려간다. (나쁜놈 나쁜놈 나쁜놈 문제 리뉴얼 버전입니다),어드벤처,셜록홈즈 부평,http://sherlock-holmes.co.kr/attach/theme/15446918861.jpg
노량진 고시생의 사랑-여자편,"안녕? 난 노량진에서 고시 공부중인 김민지라고 해! 계속되는 불합격 소식과 생활고로 인해 힘들고 우울한 날이 계속 되지만 유일한 가족인 소중한 엄마와, 7년동안 사귄 멋진 남자친구가 있어 버틸만 해! 오늘은 내 29번째 생일이야. 평소같은 나날을 보내다 내 반지하 고시원에 들어간 순간 ‘어머나!’ 깜짝 놀랬어. 내 이야기를 한번 들어 보겠니..?",드라마감성,셜록홈즈 노량진점외,http://sherlock-holmes.co.kr/attach/theme/15375002701.jpg
어린왕자,"장미와 다툰 뒤, 생각할 시간을 갖기 위해 여행을 떠나는 어린왕자. 항해 도중 연료가 부족해 지구의 어느 사막에 불시착하게 된다. 연료를 구하기 위해 이리저리 사막을 탐험하던 중 예기치 않는 상황을 조우하게 되는데...",감성SF,셜록홈즈 노량진점외,http://sherlock-holmes.co.kr/attach/theme/15330166641.jpg
프로젝트:노아,전 인류가 멸망의 위기에 처했다. 급격한 인구증가로 인한 자연재해. 전쟁. 이 문제를 해결하기 위해 어떠한 단체에서 프로젝트를 진행했지만 알 수 없는 이유로 중단되게 되었다. 당신은 비밀리에 이 프로젝트를 완료하라는 임무를 받고 해저기지에 잠입하게 되는데.. 과연 당신은 성공적으로 완료할 수 있을것인가?,SF드라마,셜록홈즈 노량진점외,http://sherlock-holmes.co.kr/attach/theme/15330165001.jpg
보헤미아 왕국의 스캔들,보헤미아의 왕과 스칸디나비아 공주의 결혼. 그러나 가수 아이린과의 스캔들로 인해 공주 가문과의 파혼을 걱정하는 왕은 결국 탐정 셜록홈즈에게 그녀에게서 그와 관련된 흔적들을 지워달라 요청하는 데.. 수사 의뢰를 받고 사진을 비롯한 흔적들을 지우기 위해 나서는 셜록홈즈..그러나 뜻 밖의 아이린의 결혼 사실을 알게 되고.. 그는 과연 사건을 해결할 수 있을까?,드라마,셜록홈즈 강남2호외,http://sherlock-holmes.co.kr/attach/theme/15223022191.jpg
지옥의 라이더,평소 열혈배달부로 소문난 김모군. 아주머니로 부터 아들 생일 날 된장국을 식지 않게 배달해 줄 것을 요청받는다. 고객 이모솔의 집에 방문해보니.... 된장국을 왜 먹지를 못하누ㅠ.ㅠ 배달부의 사명을 위해 지옥까지 쫓아간다! 본격 코믹호러힐링감동대서사시!,판타지,셜록홈즈 인천구월외,http://sherlock-holmes.co.kr/attach/theme/15045941311.jpg
[대형 프리미엄테마] 잭더리퍼,"[이 테마는 60분 일반테마입니다] 1888년 런던. 대불황, 그리고 대혼돈 속 나의 유일한 낙은 메리를 만나는 일이었다. 그녀에게 가까워질수록 점점 그녀의 깊은 부분까지 알게 되고 힘든 날들을 살아가는 그녀를 나는 더이상 내버려 둘 수 없게 된다. 하지만 언제부터였을까 그녀를 거리에서 만날 수 없게 되고, 걱정스런 마음에 나는 그녀를 찾아 그녀가 사는 곳으로 향한다.",드라마,셜록홈즈 홍대점,http://sherlock-holmes.co.kr/attach/theme/15727596211.jpg
미녀와야수2,"야수와 미녀의 해피엔딩으로 끝난줄 만 알았던 동화속 야수의 성에서 살인사건이 발생했다. 피해자는 바로 성주인 ‘야수’. 사건 현장을 본 벨의 사촌동생 루시는 현장을 살펴보고 주변인들의 증언을 통해 야수의 부인 벨 , 성의 요리사 스타곤, 성의 하인 미세스팟, 그리고 미녀의 아버지 모리스등 네 명을 용의자로 지목한다. 과연 성주인 ‘야수’를 죽인 범인은?",,셜록홈즈 ,http://sherlock-holmes.co.kr/attach/theme/15508014821.jpg
사각사각,"피노키오의 아버지 제페토. 그는 살아있는 나무인형 제작에 성공했으나 제멋대로 행동하는 피노키오를 실패작이라 여겼다. 실패의 이유를 재료 탓이라 여긴 그는 최상의 재료를 물색하던 중 지하 무덤을 발견하게 되는데… 매장된 지 얼마 안 된 신선한 시체들 중 우수한 신체들을 맞추며 ‘사각사각’ 소리와 함께 미친 듯이 작업을 하는 제페토, 그의 미친 행동을 막아야한다.",,셜록홈즈 ,http://sherlock-holmes.co.kr/attach/theme/15507384891.jpg
스쿨 오브 락,세계적인 명문 방 탈출 학교 School Of Lock! 그곳에 입학 신청서를 낸 당신은 서류전형에 합격하고 입학시험을 보기 위해 학교를 방문하게 된다. 어렵기로 유명한 입학시험. 교장선생님이 심혈을 기울여 만든 문제들과 선배들의 환영인사를 무사히 해결하고 입학시험에 합격해 school of lock 에 입학할 수 있을 것인가,,셜록홈즈 ,http://sherlock-holmes.co.kr/attach/theme/15502140471.jpg
환상 서유기,"먼 옛날 천계를 소란케 하여 500년동안 오행산에 갇혀 있던 손오공을 구하고, 세상을 어지럽히는 요괴들을 물리치며 경전을 구해오기 위해 서쪽으로 떠나는 삼장법사의 이야기. 원작의 느낌이 현대적으로 각색된 환상서유기가 여러분들을 기다립니다.",,셜록홈즈 ,http://sherlock-holmes.co.kr/attach/theme/15476042301.jpg
괴도 루키,최고의 도둑단체 루팡클럽에 입단한 당신은 아직 새내기 루키등급이다. 첫 실전때는 선배와 함께 하며 교육을 받았지만 이번엔 모든 것을 혼자 진행해야 한다! 이 것만 잘 해내면 프로등급이 될 수 있다고 하는데... 지금은 루키지만 언젠가는 나도 괴도가 될 수 있겠지?,,셜록홈즈 ,http://sherlock-holmes.co.kr/attach/theme/15470897321.jpg
만나서 반가워,"학교폭력 피해로 자퇴를 한 남자. 자퇴 이후 우울증으로 근 1년간 집 밖으로 나가지 않은 채 게임과 영화에 빠져 살던 어느 날, 평소보다 더 심한 우울감으로 잠을 이룰 수 없자 수면제를 먹고 잠에 들기에 이른다. 그러자 꿈속에서 현실과 비슷하지만 무언가 다른 느낌의 동네, 언제 생긴지도 모르는 건물이 보이자 호기심에 들어가게 되는데...",,셜록홈즈 ,http://sherlock-holmes.co.kr/attach/theme/15428711251.jpg
적벽전야,"천하통일을 향해 거침없는 행보를 보이는 조조와 그에 밀려 유랑군이 되어버린 유비일행. 조조와 싸울 힘이 부족한 유비군은 근처의 손권군에게 동맹을 요청하게 된다. 동맹의 군사로서 오에 들어간 제갈량은 뛰어난 언변과 계략으로 책사들 사이에서 주도권을 잡게 되나, 출진이 가까워져 시상으로 이동 하자마자 주유의 견제를 받아 객실에 유폐되고 말았다. 감시가 계속되자 제갈량은 결국 안부를 물으로 온 형 제갈근에게 조심스럽게 서찰을 넘겨주는데...",,셜록홈즈 ,http://sherlock-holmes.co.kr/attach/theme/15420171931.jpg
빛과 그림자:화이트의죽음2,"옐로우는 감옥에 가고, 사건은 영원히 종결된 것만 같았다. 이미 30대 때 세계적인 작가가 된 화이트, 그의 옆에는 그림자와 같은 존재인 블랙이 있었다. 그는 일평생을 천재작가의 그늘에서 사는데.. 전세계 독자들을 슬프게 만든 화이트의 죽음, 그 뒤로 언젠가부터 블랙의 소식도 사라지게 되고. 블랙은 금세 사람들의 기억에서 지워져 버렸지만 당신은 왠지 이 사건이 화이트의 죽음과 무관하지 않을 거란 생각이 들어, 화이트의 방을 다시 조사하기 시작한다.",,셜록홈즈 ,http://sherlock-holmes.co.kr/attach/theme/15302596301.jpg
미녀와야수,벨의 아버지는 딸에게 줄 장미를 꺾은 죄로 야수의 성에 갖히게된다. 아버지를 구하기 위해 야수의 성을 찾아가는 벨 야수의 성에는 놀라운 비밀이 있는데.. 비밀을 밝혀내는 과정에서 야수와의 사랑에 빠지게 되고 과연 두사람은 역경을 겪어내고 사랑의 결실을 이룰수 있을까? 원작의 스토리에 충실한 영화형 방탈출카페가 여러분을 기다립니다.,,셜록홈즈 ,http://sherlock-holmes.co.kr/attach/theme/15268939671.jpg
호텔:사라진 다이아몬드,"설록호텔의 귀중품 대형 다이아몬드 ‘가이아의축복’이 사라졌다. 호텔내부 사람 말고는 출입을 못하는 곳인데.. 과연, 누가 이곳에서 범행을 저질렀을까? 당신은 설록호텔의 귀중품 대형다이아몬드를 훔친 범인을 한시간 안에 찾아내야한다.",,셜록홈즈 ,http://sherlock-holmes.co.kr/attach/theme/15234169491.jpg
꼭두각시,평범한 가정집의 한 소녀는 평범하지 못한 삶을 살았다. 어린소녀에게 부모님은 가혹할 정도로 교육을 시키고 결국 소녀는 두 눈이 멀게 된다. 자신의 두 눈을 멀게 한 두 부모님을 증오하며 자살을 선택한 소녀는 원한을 품은 귀신이 되어 이 집에 저주를 내렸는데... 유능한 퇴마사인 당신은 1시간동안 원령과 만나는 주술을 사용해 소녀의 원한을 풀고 이 집의 저주를 풀 수 있을 것 인가?,,셜록홈즈 ,http://sherlock-holmes.co.kr/attach/theme/15172835011.jpg
무속인 살인사건,"TV에 출연할 정도로 유명한 무속인 이 어느 날 싸늘한 시체로 발견? 피해자는 TV에 출연하여 화려한 달변과 점술로 유명해진 박수무당으로, 어느 날 자신의 점집에서 잘린 머리가 불에 탄 채 단골 고객에게 발견되었다. 과연 어떠한 연유로 박무당 은 죽음을 맞이해야 했는가? 빛나는 추리로 진실을 파헤쳐 보자.",,셜록홈즈 ,http://sherlock-holmes.co.kr/attach/theme/15138466051.jpg
혼:원혼의저주,12년 전 문을 닫은 폐병원. 그 곳에 들어간 사람들중 누구도 살아서 나오지 못했다는 흉흉한 소문에 궁금증이 생긴 당신. 인적이 끊긴 병원에 찾아가보기로 하는데... 병원 입구에서부터 풍기는 오싹하고 음침한 기운. 들어가자마자 갇히고 만다. 당신은 원혼의 저주를 풀고 이 곳에서 빠져나갈 수 있을 것인가?,,셜록홈즈 ,http://sherlock-holmes.co.kr/attach/theme/15108152571.jpg
19금 섹마술:욕정의마법,탐욕과 색기가 가득한 섹마술의 마법사 코추부라르. 평화롭던 왕국의 남자들은 세상 모든 여자를 차지하고픈 마법사 코추부라르로 인해 슬픈 마법에 걸리고 마는데... 코추부라르의 왕국에서 섹마술의 저주를 풀 수 있는 자는 오직 당신!,,셜록홈즈 ,http://sherlock-holmes.co.kr/attach/theme/14989932481.jpg
파라오의 비밀,가장많은 재보를 가졌던 람세스3세의 보물을 얻기위해 시간여행을 떠난 당신. 부와 명예를 얻고 무사히 탈출 할수 있을것인가?,,셜록홈즈 ,http://sherlock-holmes.co.kr/attach/theme/14899867931.jpg
시간을 멈추는 소년,셜록홈즈 최고의 야심작! 방탈출 업게 최초의 섹시 코미디!! 시간이 딱 한 시간만 멈춘다면? 스무살 모태솔로인 당신은 입대를 앞두고 기도를 한다. 여자~~ 여자~~ 하느님이 당신의 소원을 들어주어 기적이 일어났다. 신촌거리!! 시간이 한 시간동안 멈추었고 오직 당신만 움직일 수 있다. 당신이 평생 꿈꾸었던 야한 행동! 지금 시작하라!! 아이스께끼~~,,셜록홈즈 ,http://sherlock-holmes.co.kr/attach/theme/14861175101.jpg
수상한 정신병원,"정신병원 의사는 정상적인 사람을 정신병 환자로 취급해 무조건 병원으로 입원을 시킨다. 환자들에 대한 면회를 금지시키고, 여러가지 실험을 하면서 점점 미쳐가는 의사. 당신도 이 정신병원에 끌려와 감금당했다. 비밀의 주사를 투여받으면 살아 돌아갈 수 없다. 의사가 잠시 자리를 비운 사이, 바로 지금 탈출해야한다!",,셜록홈즈 ,http://sherlock-holmes.co.kr/attach/theme/14861123571.jpg
반고흐의방,"시간여행자인 당신. 우연히 반 고흐의 마지막날로 여행하게 되었다. 자살을 앞둔 고흐와, 관련된 비밀들. 이 모든 것을 풀어 고흐를 자살로 부터 구하지 못한 다면 영영 시간의 늪에 빠질것이다. 자 이제 당신에게 타이머가 주어졌다.",,셜록홈즈 ,http://sherlock-holmes.co.kr/attach/theme/14861117201.jpg
저주받은 집,"집세가 싸다는 부동산업자의 말에 혹해서 한 번 둘러보게 된 낡은 집.하지만 그 집은 마귀들린 아이와 야반도주한 가족에 대한 흉흉한 소문이 도는 폐가였다 뽀얗게 먼지가 앉은데다가 전기가 끊긴 지도 한참 되어보이는 어수선한 풍경, 돌아가야겠다며 현관문을 돌려봤지만 문은 열리지 않는데.......",,셜록홈즈 ,http://sherlock-holmes.co.kr/attach/theme/14861113121.jpg
엑소시스트,"밤마다 의문의 소리가 들린다는 대저택.하지만 이 저택은 사람이 살지않는 오래된 저택이다. 이것은분명 악령의 소행이다! 나는 어깨 너머로 배운 구마예식을 통해 악령을 잠재우기로한다. 악령에 씌인 부마자를 구하고, 저주받은 대저택에서 탈출하자.",,셜록홈즈 ,http://sherlock-holmes.co.kr/attach/theme/14861035361.jpg
프리즌 브레이크,억울해 억울해... 의문의 실종사고를 당한 남자친구로 부터 우연히 당신에게 전해진 한통의 편지. 사연을 따라 거슬러 마침내 도착한 이곳은 사설 감옥. 위험하기 짝이없는 이곳에서 과연 당신은 남자친구를 구출해 함께 탈출할 수 있을까?,,셜록홈즈 ,http://sherlock-holmes.co.kr/attach/theme/14861030721.jpg
지하감옥,"""......여기는 대체 어디지?"" 정신을 차려보니 끔찍한 지하감옥에 갇혀 있는 당신 ""게으름은....곧....죄악이다..?"" ""제한시간 1시간을...주지..?"" 지하감옥을 거쳐 간 사람들이 남긴 흔적과 단서. 의문은 더해져만 가는데... 1시간 이내에 이 곳을 나가지 않으면 나도 저들처럼 되고 말거야!",-,셜록홈즈 부평,http://sherlock-holmes.co.kr/attach/theme/14861029631.jpg
마법사의 세계,6대 현자들의 제자였던 당신은 마을의 여자들을 납치해 돌로 만들어 버린다는 암흑 마법사의 소식을 듣게 된다. 암흑 마법사의 처단을 위해 6명의 스승님들이 여행을 떠나지만 이내 소식이 끊어져 버리고 만다. 당신은 스승님들의 복수를 위해 암흑 마법사를 찾아 나서고 암흑 마법사의 연구실을 발견하게 되는데. 암흑마법사의 계획을 저지하고 스승님들의 복수를 해야한다!!,,셜록홈즈 ,http://sherlock-holmes.co.kr/attach/theme/14861027021.jpg
암살,2월14일은 안중근 의사의 사형 선고 일이다. 당신은 독립군대장. 안중근의사의 감옥에 잠입해서 그를 구출해 내야한다. 한 시간이 지나고 날이 밝으면 모든 사람들의 염원이 물거품이 되어버릴 것이다. 자 우리민족을 위해 건투를 빈다.,,셜록홈즈 ,http://sherlock-holmes.co.kr/attach/theme/14861024871.png
셜록홈즈-Detective,"코난 도일로부터의 주문. 같은 요일, 같은 물품을 배달시키는 셜록 홈즈의 작가 코난 도일. 항상 굳게 닫힌 문 앞 ""두고 가시오."" 같은 메세지. 호기심에 문을 열고 내부로 들어가게 된 당신. 스산한 분위기와 함께 마침내 비밀이 드러난다.",,셜록홈즈 ,http://sherlock-holmes.co.kr/attach/theme/14861024161.jpg
이상한 나라의 초대,이상한 나라의 파티에 초대되다... 괴이한 토끼를 통해 하얀 여왕의 전보를 받고... 이제 이상한 나라로의 여행이 시작되었다. 하얀 여왕에게 가는 길에 맞이한 붉은 여왕의 카드병정 군대. 당신은 방해를 물리치고 무사히 집으로 돌아갈 수 있을까?,,셜록홈즈 ,http://sherlock-holmes.co.kr/attach/theme/14861023641.jpg
크라임씬,한 가정에서 일어난 끔찍한 살인사건.. 엄마와 막내딸은 실종이 되었고 다른 가족들은 처참히 살해된 현장만이 남아있다. 이런 끔찍한 일을 벌인사람이 누구인지 이 사건의 수사를 맡게된 나는 과연 범인을 찾아낼 수 있을것인가,,셜록홈즈 ,http://sherlock-holmes.co.kr/attach/theme/14861023521.gif
체르노빌,기억을 잃고 신체변형이 진행된다. 대규모 핵전쟁 이후 피폭된 사람들은 시간이 지나면 신체가 변형되고 기억을 잃어버리게 되는데... 박사의 죽기전 유산인 백신 제조법. 당신은 백신을 찾아 서둘러 치료하지 않으면 괴생명체가 되고 말 것이다.,,셜록홈즈 ,http://sherlock-holmes.co.kr/attach/theme/14861023201.jpg
시크릿 러브,"셜록홈즈의 최고의 야심작! 방탈출업계 최초의 섹스 미스터리!! 결혼을 약속한 그녀가 당신의 전재산을 가지고 홀연히 사라졌다. 그 누구에게도 말할 수 없었던 비밀스러운 사랑, 혼란스러운 심정이 담긴 그녀의 일기장, 어쩌면 그녀는 극단적인 선택을 할지도 모른다. 사랑을 지킬 것인가? 극단으로 치닫을 것인가? 당신의 선택에 달려있다.",,셜록홈즈 ,http://sherlock-holmes.co.kr/attach/theme/14861175371.jpg
왕따의 초대-귀신보는 아이,"오늘은 우리반 왕따로 소문난 영순이의 생일파티. 그녀는 귀신을 본다는 소문으로 아이들이 멀리하는데... 얼떨결에 따라간 생일파티, 영순이 준 음료를 마시고 의식이 사라진다... 이제 깨어보니 정신이 혼미하고 어지럽다. 이상한 기운이 맴도는 영순의 집 과연 무사히 탈출할 수 있을 것인가?",,셜록홈즈 ,http://sherlock-holmes.co.kr/attach/theme/14861109321.jpg
[3세대] 화이트의 죽음,"대한민국 최고의 베스트셀러 작가 화이트의 충격적인 사망 소식! 어느 날 베스트셀러 작가 화이트의 시체가 자신의 작업실 한 가운데 책상에 엎드린 채로 발견되었다. 그리고, 누구에게나 칭송받던 성공한 작가인 그의 죽음에는 수많은 의문들이 있다. 과연 그를 죽인 범인은 누구이며, 화이트는 어째서 죽음을 맞이해야만 했던걸까?",,셜록홈즈 ,http://sherlock-holmes.co.kr/attach/theme/14861075671.jpg
신입사원 출근기,"당신은 그 어려운 취업에 성공하고 오늘부터 장난감 가게로 출근을 한다. 하지만 첫 출근의 설레임도 잠시, 도착한 가게 안은 폭탄이라도 맞은 듯 어지럽게 물건이 널려 있고 벌써 출근해있어야 할 선배 직원도 보이지 않는다. 어리둥절한 상태에서 선배 직원에게 [급한 일이 있어 정리하다 말고 나왔다, 1시간 뒤 사장님의 내점 전까지 물건 정리를 전부 부탁한다]는 연락이 왔다. 첫날부터 대 위기를 마주한 당신! 하지만 힘들게 구한 일자리를 이렇게 망칠 수는 없다. 사장님이 오기까지는 앞으로 1시간- 당신은 그 전에 완벽한 정리와 함께 첫 출근날을 무사히 마무리할 수 있을 것인가?",,셜록홈즈 ,http://sherlock-holmes.co.kr/attach/theme/14861034411.jpg
이웃사람,옆집 문이 열리면 누군가 사라진다. 실수로 옆집문을 열게 된 당신. 마침 집주인은 보이지 않고... 호기심 객기에 주인여자의 방을 훔쳐보게된 당신은 보지 말아야 할것을 마주하게 되는데...,,셜록홈즈 ,http://sherlock-holmes.co.kr/attach/theme/14861032211.jpg
여고괴담,너만 믿을게 친구야... 미산여고에서 왕따를 당하던 여학생의 별명은 한찐따. 결국 해서는 안되는 선택을 하게되고... 늦은 시간 학교에 남게된 당신. 왕따소녀의 억울한 한을 풀어주지 못하면 영원히 학교에 갇히게 될것이다.,,셜록홈즈 ,http://sherlock-holmes.co.kr/attach/theme/14861031311.gif
전기톱 살인사건,텍사스주의 어느마을을 지나던 당신은 우연히 이곳 별장까지 찾아오게 된다. 방의 분위기는 심상치 않고 옆방에서는 진한 피냄새가 나는것 같다. 설마 이곳이 소문의 연쇄 살인마가 전기톱으로 사람을 살해하는 장소일까? 마침 살인마는 또다른 희생양을 물색하는데....,공포,셜록홈즈 홍대,http://sherlock-holmes.co.kr/attach/theme/14861029181.jpg
미치광이 과학자,"당신의 동네에는 과학자가 살고 있다. 미친사람, 살인마, 식인 그를 지칭하는 무서운 단어와 무성한 소문 속 진실이 궁금한 당신. 들어와선 안될 곳에 들어와 버렸다. 미친 과학자가 돌아올 때까지 남은 시간은 딱 60분, 그 안에 실험실을 탈출하지 못하면 당신은 그의 다음 실험체가 될지도, 혹은 오늘 저녁메뉴가 될지도 모른다",,셜록홈즈 ,http://sherlock-holmes.co.kr/attach/theme/14861027981.jpg
스토커,"인천,천안,수원, 부산에 이어 신림 상륙.재미 보증수표. 커플을 갈라놓으려는 스토커로 부터 제한된 시간 안에 애인을 데리고 탈출할 것인가?",,셜록홈즈 ,http://sherlock-holmes.co.kr/attach/theme/14861025781.jpg
이미테이션 게임,"세계 2차대전, 영국. 스파이 침투로 독일군의 폭격을 막을 프로젝트는 이미 들통나고 말았다. 스파이는 정보들을 모두 한 곳에 모아 비밀작전실(방) 어딘가에 숨겨두고 도망간 상태. 기밀 프로젝트 암호팀을 꾸려 그 정보를 찾아 독일군의 바뀐 경로를 파악해야 한다",,셜록홈즈 ,http://sherlock-holmes.co.kr/attach/theme/14861025181.jpg
퇴마록,악령이 머물고 있는 방... 당신은 퇴마사. 당신의 스승이 봉인한 악령의 부적은 훼손되고 악령이 부활하려 하고 있다. 방의 평온을 지키기 위해서는 훼손된 부적을 다시 쓰고 마지막 봉인의 조각을 완성시켜야 한다.,,셜록홈즈 ,http://sherlock-holmes.co.kr/attach/theme/14861022551.jpg
범죄의 재구성,"비슷한 시기, 가족 중 세 사람이 의문사하는 사건이 발생했다. 아내는 화재로, 남편은 뺑소니 사고로, 큰딸은 자살로... 형사인 당신은 이 사건을 수사하던 중 한가지 이상한 점을 발견했는데...그것은 바로 사망한 세 사람이 생명보험에 가입되어 있고 수령인은 작은딸. 당신은 이 사건에 의문을 품고 현장에 뛰어드는데...",,셜록홈즈 ,http://sherlock-holmes.co.kr/attach/theme/14861032981.jpg
앤틱 갤러리,"삼엄한 경비속에 누구도 훔쳐가지 못했던 귀중한 보물이 숨겨져있는 생제르망가의 엔티크 갤러리. 아무도 없는 시각 당신은 몰래 잠입한다. 당신의 미션은 보안을 뚫고 탈출하는것! 관장이 오기까지 남은시간은 60분, 보물을 찾아 탈출하라!",,셜록홈즈 ,http://sherlock-holmes.co.kr/attach/theme/14861030931.jpg
쉰들러 리스트,잔혹한 수용소 내에서 유대인들의 지도자 역할을 해주던 알베르트 요셉은 탈출계획을 세우다가 의문사하게되고 전쟁후에 패망해가는 나치는 인권탄압의 흔적을 제거하기 위해 급하게 수용소 내의 모든 유대인들을 가스실에 집어넣어 처형하려고 하고 있다....,,셜록홈즈 ,http://sherlock-holmes.co.kr/attach/theme/14861029641.jpg
막장,"당신은 미국의 한 광산마을에서 일하는 광부 어느 날,일하는 광산에서 금광을 발견했다는 소문이 돌고 소문의 근원지는 같이 일하는 당신의 동료. 그는 관리자가 몰래 들어가는 광산의 끝에는 금광이 있었다는 이야기를 해준다. 다음날, 동료는 행방불명이 되고....",,셜록홈즈 ,http://sherlock-holmes.co.kr/attach/theme/14861025971.jpg
맨홀 속 미스터리,"한달동안 10명이 사라진 어느 마을. 실종자들의 흔적도 전혀 찾을 수 없는 가운데 어느날 당신이 길을 걷다가 멘홀에 빠지면서 11번째 희생자가 된다. 어두컴컴하기만 한 멘홀 속 누군가가 살고 있는 흔적과 실종자들의 흔적이 보인다. 맨홀 속, 살인자일지....",,셜록홈즈 ,http://sherlock-holmes.co.kr/attach/theme/14861025591.jpg
주먹의 신 (미니방탈출),격투계의 괴물 신인으로 등장하여 불패신화를 이룬 세계에서 가장 강한 사나이 챔피온 허재현! 오늘은! 그의 아성에 도전하는 하룻강아지 신입 파이터와의 타이틀 방어전 날이다!,-,셜록홈즈 -,http://sherlock-holmes.co.kr/attach/theme/15982318021.jpg
커플 브레이킹,옛연인의 집요함을 견디지 못해 헤어진후 새로운 사랑의 매력에 빠져 행복한 나날을 보내는 당신 사과를 하러 온 옛연인을 매몰차게 거절한 후 돌아가는 길에 번쩍임과 함께 의식을 잃는다.. 정신이 드니 낯선방에 묶인채로 감금되어버렸다.,,셜록홈즈 ,http://sherlock-holmes.co.kr/attach/theme/14861170871.jpg
[3세대] 환상의 카레,"셜록홈즈는 라이벌 괴도 루핀의 초대를 받아 인도의 유명한 음식점에서 만나기로 했지만 나간 자리에는 심부름꾼만이 다가와 쪽지를 넘겨주었다. 내용은 [인도에 체류하는 동안 네가 좋아하는 추리거리 하나를 선물로 주지] 이상한 낌새에 음식점을 조사해보려 했지만,비밀을 채 알아내기도 전에 부엌에 갇히게 되는데…",,셜록홈즈 ,http://sherlock-holmes.co.kr/attach/theme/14861075491.jpg
[3세대] 학교괴담 태훈이의 죽음,"셜록홈즈가 자랑하는 3세대 방탈출 프로젝트 ""더셜록"" 세화 고등학교가 시작됩니다. 데베스프레소 게임즈의 ‘더코마:커팅클래스’를 테마로 하여 세계 최초로 선보이는 온오프라인 결합 리얼 방탈출 게임 세화고등학교의 숨은 비밀을 밝혀라.",,셜록홈즈 ,http://sherlock-holmes.co.kr/attach/theme/14861037461.jpg
[3세대] 정신병동 플래쉬 백,"셜록홈즈가 자랑하는 3세대 방탈출 프로젝트 ""더셜록"" 세화 심리클리닉이 시작됩니다. 데베스프레소 게임즈의 ‘더코마:커팅클래스’를 테마로 하여 세계 최초로 선보이는 온오프라인 결합 리얼 방탈출 게임 세화 심리클리닉의 숨은 비밀을 밝혀라.",,셜록홈즈 ,http://sherlock-holmes.co.kr/attach/theme/14861037111.jpg
[3세대] 웨딩크루즈 살인사건,"셜록홈즈가 자랑하는 3세대 방탈출 프로젝트 ""더셜록"" 세화 크루즈가 시작됩니다. 데베스프레소 게임즈의 ‘더코마:커팅클래스’를 테마로 하여 세계 최초로 선보이는 온오프라인 결합 리얼 방탈출 게임 세화크루즈의 살인사건의 용의자를 찾아라.",,셜록홈즈 ,http://sherlock-holmes.co.kr/attach/theme/14861036681.jpg
은밀한 교수의 사생활,교수님 방에서 실종된 학생들.... 더이상 사라지는 학생들을 두고 볼 수는 없는 상황.. 분명히 그 방이다. 내부에 단서가 존재 할 것이다. 학생들을 찾아야 한다. 교수의 이번 수업이 끝나기전 남은 시간은 단 60분!,,셜록홈즈 ,http://sherlock-holmes.co.kr/attach/theme/14861033991.jpg
[3세대] 산속의 여인,"나무를 하는 와중, 갑자기 쏟아지는 비를 피하려 무작정 산 속을 달리다가 발견한 외딴 집.문을 두드리니 한 여인이 나를 안으로 들여보내 주었고, 마을에서 수상한 미인으로 소문만이 자자하던 그 여인은 내가 비가 그칠 동안 머무는 것을 허락해 주었다. 그녀는 먹을 것을 준비한다며 부엌으로 향하고 혼자 남은 나는 방 안을 둘러보다 무언가 이상한 것을 발견했다. 수상한 낌새를 느끼고서 이 곳을 나가려 했지만 문은 이미 밖에서 잠긴 탓에 나갈 수 없다... 과연 그녀가 숨기고 있는 것은 무엇이며 왜 나를 가둔 것일까?",,셜록홈즈 ,http://sherlock-holmes.co.kr/attach/theme/14861033691.jpg
아트 미스터리,미로속에서 펼져지는 죽음의 향연.. 죽음을 다룬 화가의 그림 생생하다 못해 마치 진짜 살인현장 처럼 리얼해 보인다. 이 그림에는 화가의 비밀이 숨어있다는데..... 자칫 지나친 호기심은 돌이킬수 없는 결과를 가져올지 모른다.,,셜록홈즈 ,http://sherlock-holmes.co.kr/attach/theme/14861032861.jpg
[3세대] 미대교수의 비밀,"셜록홈즈가 자랑하는 3세대 방탈출 프로젝트 ""더셜록"" 그 첫번째 이야기. 미대교수의 비밀이 시작됩니다. 데베스프레소 게임즈의 ‘더코마:커팅클래스’를 테마로 하여 세계 최초로 선보이는 온오프라인 결합 리얼 방탈출 게임 미대교수의 비밀을 밝혀라.",,셜록홈즈 ,http://sherlock-holmes.co.kr/attach/theme/14861031121.jpg
[3세대] 무속인 살인사건,"TV에 출연할 정도로 유명한 무속인이 어느 날 싸늘한 시체로 발견? 피해자는 TV에 출연하여 화려한 달변과 점술로 유명해진 박수무당으로,어느 날 자신의 점집에서 목이 졸려 숨진 채로 단골 고객에게 발견되었다. 과연 어떠한 연유로 박수무당은 죽음을 맞이해야 했는가? 빛나는 추리로 진실을 파헤쳐 보자.",,셜록홈즈 ,http://sherlock-holmes.co.kr/attach/theme/14861030031.jpg
화려한 휴가,"1980년 5월, 군사독재에 맞선 민중항쟁. 서곡이 시작된 역사의 현장 광주 사랑하는 가족, 친구가 당신의 눈앞에서 신음하며 죽어간다 당신은 과연 김대중 선생을 구출하고 이 땅의 민주화를 지켜낼 수 있을까? 이제 가족의 목숨과 이 땅의 민주화는 당신의 양 어깨에 달려있다.",,셜록홈즈 ,http://sherlock-holmes.co.kr/attach/theme/14861029301.jpg
다빈치 코드,"예술가, 철학자, 과학자, 기술자 르네상스를 완성시킨 장본인 다빈치. 세기의 경이로운 천재가 모든 연구의 결과를 모아 한곳에 담았고 사람들은 그것을 성배라 불렀다 다빈치는 나쁜사람의 손에 들어갈수 없게 암호와 함정을 통해서 그것을 숨겼다.",,셜록홈즈 ,http://sherlock-holmes.co.kr/attach/theme/14861027091.jpg
죽음의 신,오늘의 마지막 손님을 모시러 갑니다,=,셜록홈즈 대전 신세계점,http://sherlock-holmes.co.kr/attach/theme/16293576611.jpg
지프리트의 심장,"[플리퍼 시티 에피소드 01] 잊혀진 이야기 속에 전해지는 순수 에너지의 결정체 ""지프리트의 심장""을 찾기 위해 플리퍼 시티를 헤매던 일행. 마을 외곽의 한 골동품 점에서 가고자 하는 곳의 좌표를 알려준다는 검은 주사위를 얻는다. 검은 주사위가 만들어 준 좌표를 통해 도착한 곳은 알 수 없는 낡은 기관실. 그곳의 수수께끼를 풀고 지프리트의 심장을 찾아낼 수 있을까",판타지,셜록홈즈 대전 신세계점,http://sherlock-holmes.co.kr/attach/theme/16293569191.jpg
세번째밤,압박감. 긴장감. 계속해서 반복되는 악몽에 나는 매일 밤 잠을 이루지 못한다. 그리고 오늘 꿈에 새로운 메세지가 나타나는데...,스릴러,셜록홈즈 #강려크한...#충격,http://sherlock-holmes.co.kr/attach/theme/16293560471.jpg
호텔:사라진 다이아몬드(의정부버전),다이아몬드를 훔쳐간 범인을 쫓아라!,-,셜록홈즈 -,http://sherlock-holmes.co.kr/attach/theme/16233821681.jpg
도둑들-문제도둑,몽블랑 미술관에 괴도 루팡으로부터 모든 미술품을 훔치겠다는 초대장이 날아왔다. 몇일 뒤 마법을 부린 듯 괴도루팡은 미술품들을 하나씩 훔쳐가고 (본 테마는 도둑들 테마의 문제 리뉴얼 버전 입니다),-,셜록홈즈 당진점,http://sherlock-holmes.co.kr/attach/theme/16134366021.jpg
산속의 여인,"나무를 하는 와중, 갑자기 쏟아지는 비를 피하려 무작정 산 속을 달리다가 발견한 외딴 집.문을 두드리니 한 여인이 나를 안으로 들여보내 주었고, 마을에서 수상한 미인으로 소문만이 자자하던 그 여인은 내가 비가 그칠 동안 머무는 것을 허락해 주었다. 그녀는 먹을 것을 준비한다며 부엌으로 향하고 혼자 남은 나는 방 안을 둘러보다 무언가 이상한 것을 발견했다. 수상한 낌새를 느끼고서 이 곳을 나가려 했지만 문은 이미 밖에서 잠긴 탓에 나갈 수 없다... 과연 그녀가 숨기고 있는 것은 무엇이며 왜 나를 가둔 것일까?",-,셜록홈즈 -,http://sherlock-holmes.co.kr/attach/theme/16051697981.jpg
웨딩크루즈 살인사건,"거대 부호 김만술과 그의 아내 미치코는 결혼생활 10주년을 기념하기 위해 호화 크루즈 여행을 떠나게 되었다, 로맨틱한 웨딩 크루즈 여행을 꿈꿨것만.. 크루즈 안에서 김만술은 시체로 발견된다. 용의자는 김만술씨의 아내 미치코를 포함한 탑승객 4명! 크루즈 여행으로 휴가길에 올랐던 명탐정 셜록홈즈는 여행길에서 다시 살인사건을 맡게 되는데..?!",-,셜록홈즈 -,http://sherlock-holmes.co.kr/attach/theme/15915980831.jpg
어린왕자,"장미와 다툰 뒤, 생각할 시간을 갖기 위해 여행을 떠나는 어린왕자. 항해 도중 연료가 부족해 지구의 어느 사막에 불시착하게 된다. 연료를 구하기 위해 이리저리 사막을 탐험하던 중 예기치 않는 상황을 조우하게 되는데...",감성SF,셜록홈즈 #동심자극#힐링감성,http://sherlock-holmes.co.kr/attach/theme/15867559111.jpg
지옥의 배달부,평소 열혈배달부로 소문난 김모군. 아주머니로 부터 아들 생일 날 된장국을 식지 않게 배달해 줄 것을 요청받는다. 고객 이모솔의 집에 방문해보니.... 된장국을 왜 먹지를 못하누ㅠ.ㅠ 배달부의 사명을 위해 지옥까지 쫓아간다! 본격 코믹호러힐링감동대서사시! (지옥의 라이더 테마업데이트 버전입니다!),판타지,셜록홈즈 강남2호점외,http://sherlock-holmes.co.kr/attach/theme/15755979581.jpg
할머니는 마법사,"어린 시절 할머니는 나에게 줄 곧 마법사에 관한 이야기를 해주었다. 동심 가득한 시절 나에게 그 이야기는 새로운 세상의 로망이었다. 어느날 나에게 할머니가 보낸 편지가 도착했다. 편지의 내용은 나에게 줄 선물이 있으니 보름달이 뜨는 날 밤, 자신의 집으로 찾아오라는 내용 이었다. 일에 치여 신경 쓰지 못했던 할머니께 죄송함을 느끼며 보름달이 뜨는 날 밤 할머니의 집으로 향한다…",,셜록홈즈 ,http://sherlock-holmes.co.kr/attach/theme/15326572751.jpg
위험한 레시피,"위험한 레시피 연일 매스컴에 보도되는 이곳은 3대 맛집으로까지 소문이 자자한 식당. 이 식당은 3개월전만 해도 폐업설이 돌 정도로 손님이 없고, 장소까지 외딴곳이라 으스스하기 까지 한 곳이었다. 3개월전 식당주인의 각성으로 전국의 갖은 레시피를 수집하여 마침내 전국에서 입소문이 자자한 명소가 되었다고 하는데... 까다로운 미식가로 전국의 유명한 맛집을 순방하는 당신은 이곳 식당의 비밀이 궁금하여 견딜수 없게되고 마침내 맛의 비밀을 파헤쳐보려한다. 과연 이곳 레시피의 비밀은 무엇일까?",,셜록홈즈 ,http://sherlock-holmes.co.kr/attach/theme/15235829331.jpg
드림 인베이더,"당신은 비밀스러운 집단에 교육받고 초능력을 부여받은 D-CREW의 멤버이다. 당신은 대형 프로젝트에 투입되게 되었는데, 그것은 바로 가장 유명한 스마트폰 S사의 차세대 휴대폰제작 S프로젝트를 알아내는 것이다. 우리들은 제한된 1시간 내에 S사 간부의 꿈에 들어가서 S프로젝트의 전말을 알아내야만 한다. 과연, 당신은 프로젝트르 성공하고 꿈에서 나올 수 있을 것인가?",,셜록홈즈 ,http://sherlock-holmes.co.kr/attach/theme/15115112601.jpg
도둑들,"유명화가의 희귀품만전시해서 그 가치가 높은 크라임 미술관, 이곳은 보안으로도 유명해 한번도 도둑맞은 적이 없다. 당신은 이곳을 털기위해 천재해커 빌리와 손을 잡게 되고 빌리가 한시간동안 경비 시스템을 마비 시킬 수 있다는데..자 주어진 시간은 한시간! 미술관을 털어라!",,셜록홈즈 ,http://sherlock-holmes.co.kr/attach/theme/15105462071.jpg
수상한형제들,한 마을에서 일어난 연쇄 실종사건... 사건을 파헤치던 중 용의선상에 올라온 한 형제 증거를 잡기위해 수상한 형제의 저택으로 몰래 침입하게 된다 형제의 집을 조사하다 보니 미스테리한 실종사건의 실마리가 점점 풀려가게 되는데...,-,셜록홈즈 -,http://sherlock-holmes.co.kr/attach/theme/14992191481.jpg
사라진 피카소,상류층의 은밀한 거래. 미술관장은 피카소만 취급하는 독특한 취향이 있다. 항상 많은 사람들로 붐비는 미술관. 극비에 입수한 정보에 의하면 이곳에서 상류층의 비밀거래가 이뤄진다는데..,,셜록홈즈 ,http://sherlock-holmes.co.kr/attach/theme/14861021751.jpg
학교괴담,친구야 그때 나한테 왜 그랬니? 자율학습이 끝나고 의심쩍은 소리에 이끌리듯 주변을 돌아다니다 보니 어느덧 교실에 혼자남은 당신. 빈교실에 희미하게 보이는 실루엣은 어딘가 익숙하다...,,셜록홈즈 ,http://sherlock-holmes.co.kr/attach/theme/14861021321.jpg
