테마이름,소속지점,이미지경로,장르,
이상한 나라로 출두요,넥스트에디션 넥스트에디션 강남신논현점,https://www.nextedition.co.kr/shops/Nextedition%20gangnamsinnonhyun,"장르
판타지",
세렌디피티(SERENDIPITY),넥스트에디션 넥스트에디션 건대 보네르관,https://www.nextedition.co.kr/shops/Nextedition%20Gundae%20Bonheur,"장르
감성판타지",
SOUL CHASER - 실종,넥스트에디션 넥스트에디션 건대점,https://www.nextedition.co.kr/shops/NextEdition%20Gundae,"장르
야외방탈출",
SOUL CHASER - 몽유병,넥스트에디션 넥스트에디션 신촌점,https://www.nextedition.co.kr/shops/NextEdition%20Sinchon,"장르
야외방탈출",
데.코.연.(데이트 코스 연구회),넥스트에디션 넥스트에디션 잠실점,https://www.nextedition.co.kr/shops/Nextedition%20Jamsil,"장르
로맨스",
락페스티벌,넥스트에디션 넥스트에디션 잠실점,https://www.nextedition.co.kr/shops/Nextedition%20Jamsil,"장르
Challenge",
SOS,넥스트에디션 넥스트에디션 강남5호점,https://www.nextedition.co.kr/shops/Nextedition%20gangnam5,"장르
조난",
극,넥스트에디션 넥스트에디션 신림점,https://www.nextedition.co.kr/shops/Nextedition%20Sinlim,"장르
극",
서치(SEARCH),넥스트에디션 넥스트에디션 강남신논현점,https://www.nextedition.co.kr/shops/Nextedition%20gangnamsinnonhyun,"장르
세기말",
그래도 피망은 먹기 싫단 말이에욧,넥스트에디션 넥스트에디션 강남5호점,https://www.nextedition.co.kr/shops/Nextedition%20gangnam5,"장르
참교육",
작은 악마들,넥스트에디션 넥스트에디션 잠실점,https://www.nextedition.co.kr/shops/Nextedition%20Jamsil,"장르
드라마",
카페라떼,넥스트에디션 넥스트에디션 잠실점,https://www.nextedition.co.kr/shops/Nextedition%20Jamsil,"장르
?",
크리쳐 - 신인류의 탄생,넥스트에디션 넥스트에디션 강남3호점,https://www.nextedition.co.kr/shops/Nextedition%20Gangnam3,"장르
SF",
트와이스 어 데이 (TWICE A DAY),넥스트에디션 넥스트에디션 강남신논현점,https://www.nextedition.co.kr/shops/Nextedition%20gangnamsinnonhyun,"장르
로맨스",
BANK RUPT,넥스트에디션 넥스트에디션 강남5호점,https://www.nextedition.co.kr/shops/Nextedition%20gangnam5,"장르
로맨스",
우리동네 김선의 金善醫,넥스트에디션 넥스트에디션 강남5호점,https://www.nextedition.co.kr/shops/Nextedition%20gangnam5,"장르
힐링",
씨프?? XX!!,넥스트에디션 넥스트에디션 신림점,https://www.nextedition.co.kr/shops/Nextedition%20Sinlim,"장르
코믹",
Tester,넥스트에디션 넥스트에디션 신림점,https://www.nextedition.co.kr/shops/Nextedition%20Sinlim,"장르
추리",
이웃집 또털어,넥스트에디션 넥스트에디션 강남신논현점,https://www.nextedition.co.kr/shops/Nextedition%20gangnamsinnonhyun,"장르
코믹, 보물찾기",
마지막 일주,넥스트에디션 넥스트에디션 강남3호점,https://www.nextedition.co.kr/shops/Nextedition%20Gangnam3,"장르
신화판타지",
메가스팀,넥스트에디션 넥스트에디션 강남신논현점,https://www.nextedition.co.kr/shops/Nextedition%20gangnamsinnonhyun,"장르
공상과학",
어시스턴트,넥스트에디션 넥스트에디션 강남신논현점,https://www.nextedition.co.kr/shops/Nextedition%20gangnamsinnonhyun,"장르
판타지",
LOVER,넥스트에디션 넥스트에디션 신림점,https://www.nextedition.co.kr/shops/Nextedition%20Sinlim,"장르
로맨스",
옛날옛날에,넥스트에디션 넥스트에디션 신림점,https://www.nextedition.co.kr/shops/Nextedition%20Sinlim,"장르
동화",
너에게 가는 길,넥스트에디션 넥스트에디션 분당서현점,https://www.nextedition.co.kr/shops/Nextedition%20Bundangseohyun,"장르
어드벤쳐",
로렌시아 - 잠들어버린 섬,넥스트에디션 넥스트에디션 부평점,https://www.nextedition.co.kr/shops/NextEdition%20Bupyung,"장르
판타지",
평범한 하루,넥스트에디션 넥스트에디션 분당서현점,https://www.nextedition.co.kr/shops/Nextedition%20Bundangseohyun,"장르
미션",
인터프리터,넥스트에디션 넥스트에디션 강남신논현점,https://www.nextedition.co.kr/shops/Nextedition%20gangnamsinnonhyun,"장르
드라마",
조선피자몰,넥스트에디션 넥스트에디션 강남신논현점,https://www.nextedition.co.kr/shops/Nextedition%20gangnamsinnonhyun,"장르
?",
안녕하세요? 무엇을 도와드릴까요?,넥스트에디션 넥스트에디션 강남3호점,https://www.nextedition.co.kr/shops/Nextedition%20Gangnam3,"장르
판타지",
야근,넥스트에디션 넥스트에디션 강남3호점,https://www.nextedition.co.kr/shops/Nextedition%20Gangnam3,"장르
서스펜스",
첫만남,넥스트에디션 넥스트에디션 강남3호점,https://www.nextedition.co.kr/shops/Nextedition%20Gangnam3,"장르
드라마",
짠해,넥스트에디션 넥스트에디션 분당서현점,https://www.nextedition.co.kr/shops/Nextedition%20Bundangseohyun,"장르
감성",
몽중몽,넥스트에디션 넥스트에디션 분당서현점,https://www.nextedition.co.kr/shops/Nextedition%20Bundangseohyun,"장르
오컬트",
저니(JOURNEY),넥스트에디션 넥스트에디션 강남점,https://www.nextedition.co.kr/shops/NextEdition%20Gangnam,"장르
드라마",
테마명을 뭐로할지 못정하겠어요ㅠㅠ,넥스트에디션 넥스트에디션 분당서현점,https://www.nextedition.co.kr/shops/Nextedition%20Bundangseohyun,"장르
못정함",
익명의 여자,넥스트에디션 넥스트에디션 분당서현점,https://www.nextedition.co.kr/shops/Nextedition%20Bundangseohyun,"장르
드라마",
마법소녀,넥스트에디션 넥스트에디션 강남2호점,https://www.nextedition.co.kr/shops/Nextedition%20Gangnam2,"장르
Magical Adventure",
"어제, 그리고 오늘",넥스트에디션 넥스트에디션 건대2호점,https://www.nextedition.co.kr/shops/NextEdition%20Gundae2,"장르
드라마",
중대장은 오늘 너희에게 무척 실망했다.,넥스트에디션 넥스트에디션 강남2호점,https://www.nextedition.co.kr/shops/Nextedition%20Gangnam2,"장르
추리",
커넥트 (Connect),넥스트에디션 넥스트에디션 강남2호점,https://www.nextedition.co.kr/shops/Nextedition%20Gangnam2,"장르
공상과학",
심판,넥스트에디션 넥스트에디션 강남2호점,https://www.nextedition.co.kr/shops/Nextedition%20Gangnam2,"장르
드라마",
퀴즈 인 더 노블 (Quiz in The Noble),넥스트에디션 넥스트에디션 강남2호점,https://www.nextedition.co.kr/shops/Nextedition%20Gangnam2,"장르
혼합",
Make-up,넥스트에디션 넥스트에디션 건대2호점,https://www.nextedition.co.kr/shops/NextEdition%20Gundae2,"장르
?",
동화나라 수비대,넥스트에디션 넥스트에디션 건대2호점,https://www.nextedition.co.kr/shops/NextEdition%20Gundae2,"장르
어드벤쳐",
빛을 구해줘,넥스트에디션 넥스트에디션 건대2호점,https://www.nextedition.co.kr/shops/NextEdition%20Gundae2,"장르
판타지",
MEMORY - Episode 1,넥스트에디션 넥스트에디션 강남점,https://www.nextedition.co.kr/shops/NextEdition%20Gangnam,"장르
스릴러(공포)",
완전한사랑(리뉴얼),넥스트에디션 넥스트에디션 강남점,https://www.nextedition.co.kr/shops/NextEdition%20Gangnam,"장르
로맨스",
방탈출 아카데미,넥스트에디션 넥스트에디션 건대2호점,https://www.nextedition.co.kr/shops/NextEdition%20Gundae2,"장르
미션",
커튼콜,넥스트에디션 넥스트에디션 건대2호점,https://www.nextedition.co.kr/shops/NextEdition%20Gundae2,"장르
판타지",
흐린날,넥스트에디션 넥스트에디션 강남점,https://www.nextedition.co.kr/shops/NextEdition%20Gangnam,"장르
드라마",
카르텔,넥스트에디션 넥스트에디션 강남점,https://www.nextedition.co.kr/shops/NextEdition%20Gangnam,"장르
?",
이상,넥스트에디션 넥스트에디션 부평점,https://www.nextedition.co.kr/shops/NextEdition%20Bupyung,"장르
추리",
Battleship Project B,넥스트에디션 넥스트에디션 부평점,https://www.nextedition.co.kr/shops/NextEdition%20Bupyung,"장르
판타지",
Battleship Project A,넥스트에디션 넥스트에디션 부평점,https://www.nextedition.co.kr/shops/NextEdition%20Bupyung,"장르
SF / 대결",
소울리스,넥스트에디션 넥스트에디션 부평점,https://www.nextedition.co.kr/shops/NextEdition%20Bupyung,"장르
소울리스",
SHIT,넥스트에디션 넥스트에디션 부평점,https://www.nextedition.co.kr/shops/NextEdition%20Bupyung,"장르
추리(코믹)",
THISMAN,넥스트에디션 넥스트에디션 부평점,https://www.nextedition.co.kr/shops/NextEdition%20Bupyung,"장르
드라마",
주르륵,넥스트에디션 넥스트에디션 부천점,https://www.nextedition.co.kr/shops/NextEdition%20Bucheon,"장르
드라마",
쌩얼,넥스트에디션 넥스트에디션 부천점,https://www.nextedition.co.kr/shops/NextEdition%20Bucheon,"장르
연애",
집으로,넥스트에디션 넥스트에디션 부천점,https://www.nextedition.co.kr/shops/NextEdition%20Bucheon,"장르
스릴러",
진시황,넥스트에디션 넥스트에디션 부천점,https://www.nextedition.co.kr/shops/NextEdition%20Bucheon,"장르
어드벤쳐(활동성 갑)",
썸,넥스트에디션 넥스트에디션 건대점,https://www.nextedition.co.kr/shops/NextEdition%20Gundae,"장르
연애",
다시봄,넥스트에디션 넥스트에디션 건대점,https://www.nextedition.co.kr/shops/NextEdition%20Gundae,"장르
드라마",
MONSTER:10800,넥스트에디션 넥스트에디션 건대점,https://www.nextedition.co.kr/shops/NextEdition%20Gundae,"장르
판타지",
B아파트 13동 1313호,넥스트에디션 넥스트에디션 건대점,https://www.nextedition.co.kr/shops/NextEdition%20Gundae,"장르
공포",
이불밖은 위험해,넥스트에디션 넥스트에디션 건대점,https://www.nextedition.co.kr/shops/NextEdition%20Gundae,"장르
드라마",
화이트룸 (Original),넥스트에디션 넥스트에디션 신촌점,https://www.nextedition.co.kr/shops/NextEdition%20Sinchon,"장르
감성 / 문제방",
더 매직,넥스트에디션 넥스트에디션 신촌점,https://www.nextedition.co.kr/shops/NextEdition%20Sinchon,"장르
코믹 / 감성",
13여고괴담,넥스트에디션 넥스트에디션 신촌점,https://www.nextedition.co.kr/shops/NextEdition%20Sinchon,"장르
공포",
천사와 악마,넥스트에디션 넥스트에디션 신촌점,https://www.nextedition.co.kr/shops/NextEdition%20Sinchon,"장르
추리",
그레이 in 인셉션 (19금),넥스트에디션 넥스트에디션 신촌점,https://www.nextedition.co.kr/shops/NextEdition%20Sinchon,"장르
성인",
인디아나존스,넥스트에디션 넥스트에디션 신촌점,https://www.nextedition.co.kr/shops/NextEdition%20Sinchon,"장르
어드벤쳐",
,,,,
,,,,
,,,,
,,,,
,,,,
,,,,
,,,,
,,,,
,,,,
,,,,
,,,,
,,,,
,,,,
,,,,
,,,,
